{
  "project_info": {
    "project_number": "963159607749",
    "firebase_url": "https://cocktail-b0d66.firebaseio.com",
    "project_id": "cocktail-b0d66",
    "storage_bucket": "cocktail-b0d66.appspot.com"
  },
  "client": [
    {
      "client_info": {
        "mobilesdk_app_id": "1:963159607749:android:ee9ff1da51f8636d",
        "android_client_info": {
          "package_name": "com.example.vignesh.cocktail"
        }
      },
      "oauth_client": [
        {
          "client_id": "963159607749-vh8jbk9r988arpkt3mau1vj66jjl2oho.apps.googleusercontent.com",
          "client_type": 1,
          "android_info": {
            "package_name": "com.example.vignesh.cocktail",
            "certificate_hash": "3e58676b20899325f504a0436f25c6ff654b4eb5"
          }
        },
        {
          "client_id": "963159607749-4vd25c2vv7uarrshn1vpf3ekebe07as1.apps.googleusercontent.com",
          "client_type": 3
        }
      ],
      "api_key": [
        {
          "current_key": "AIzaSyDX3zhDS2GV_HATi4i8lDW3UceukDoApgE"
        }
      ],
      "services": {
        "analytics_service": {
          "status": 1
        },
        "appinvite_service": {
          "status": 2,
          "other_platform_oauth_client": [
            {
              "client_id": "963159607749-4vd25c2vv7uarrshn1vpf3ekebe07as1.apps.googleusercontent.com",
              "client_type": 3
            }
          ]
        },
        "ads_service": {
          "status": 2
        }
      }
    }
  ],
  "configuration_version": "1"
}